﻿Designator,Footprint,Quantity,Value,LCSC Part #
"C_1V-Decoup1, C_3V-Decoup2, C_LDO1, C_LDO2",0402,4,1u,
"C_1V-Decoup2, C_1V-Decoup3",0402,2,100n,
C_3V-Decoup1,0402,1,10u,
"C_3V-Decoup3, C_3V-Decoup4, C_3V-Decoup5, C_3V-Decoup6, C_3V-Decoup7, C_3V-Decoup8, C_3V-Decoup9, C_Flash1",0402,8,.1u,
"C_Crystal1, C_Crystal2",0402,2,22pF,
C_Shield1,0402,1,4.7n,
"D1, D10, D11, D12, D13, D14, D15, D16, D17, D18, D19, D2, D20, D21, D22, D23, D25, D26, D27, D28, D3, D30, D31, D32, D33, D34, D35, D36, D37, D38, D39, D4, D40, D41, D42, D43, D44, D45, D46, D48, D49, D5, D50, D51, D53, D54, D55, D56, D57, D58, D59, D6, D61, D62, D63, D64, D65, D66, D67, D68, D7, D8",D_SOD-123,62,1N4148,
"D69, D70, D71, D72, D73, D74, D75, D76, D77, D78, D79, D80, D81, D82, D83, D84",LED_WS2812_2020,16,WS2812B-2020,
F1,0805,1,500mA,
H1,L60 Outline,1,PCB Outline,
J1,JST_SH_SM04B-SRSS-TB_1x04-1MP_P1.00mm_Horizontal,1,SM04B,
J2,PinHeader_1x05_P2.54mm_Vertical,1,SWD,
MX1,MXOnly-1.25U,1,MX-LED,
"MX10, MX12, MX13, MX14, MX15, MX16, MX18, MX19, MX20, MX21, MX22, MX23, MX24, MX25, MX27, MX28, MX29, MX30, MX33, MX34, MX35, MX36, MX37, MX38, MX39, MX40, MX43, MX44, MX45, MX46, MX47, MX48, MX49, MX50, MX53, MX54, MX55, MX56, MX58, MX59, MX60, MX61, MX63, MX64, MX67, MX69, MX73, MX75, MX8, MX9",MXOnly-1U-NoLED,50,MX-NoLED,
"MX17, MX4, MX62, MX7, MX74, MX76",MXOnly-1.5U-NoLED,6,MX-NoLED,
MX3,MXOnly-1U,1,MX-LED,
MX42,MXOnly-7U-ReversedStabilizers-NoLED,1,MX-NoLED,
"MX6, MX70",MXOnly-2.25U-NoLED,2,MX-NoLED,
MX66,MXOnly-1.75U-NoLED,1,MX-NoLED,
"R_Crystal1, R_Flash1, R_RST1",0402,3,1k,
"R_DATA1, R_DATA2",0402,2,27,
"R_LED1, R_LED2",0402,2,220,
R_Shield1,0402,1,1M,
"R_USB1, R_USB2",0402,2,5k1,
"SW1, SW2",SW_SPST_TL3342,2,TL3342F450QG,
U1,RP2040-QFN-56,1,RP2040,
U2,SOIC-8_5.23x5.23mm_P1.27mm,1,W25Q128JVS,
U3,SOT-23,1,XC6206PxxxMR,
U4,SOT143B,1,PRTR5V0U2X,
U5,SOT-23-5,1,74AHCT1G125,
USB1,HRO-TYPE-C-31-M-12-Assembly,1,HRO-TYPE-C-31-M-12,
Y1,Crystal_SMD_3225-4Pin_3.2x2.5mm,1,12MHz,
